BHID,FROM,TO,_len,caco3,_acum,azmm,dipm,xm,ym,zm,azmb,dipb,xb,yb,zb,azme,dipe,xe,ye,ze,BHIDint
GL10DH1,75.0,78.0,3.0,84.69,254.07,135.0,79.9999771118164,309422.39327029884,9762589.606729686,1227.6622079610825,135.0,79.99999237060547,309422.2090883255,9762589.790911674,1229.139419555664,135.0,79.99999237060547,309422.5774522722,9762589.422547698,1226.1849963665009,1
GL10DH1,78.0,81.0,3.0,83.62760000000002,250.88280000000003,135.0,79.99999237060547,309422.7616341114,9762589.238365859,1224.7077847719193,135.0,79.99999237060547,309422.5774522722,9762589.422547698,1226.1849963665009,135.0,79.99999237060547,309422.94581595063,9762589.05418402,1223.2305731773376,1
GL10DH1,81.0,84.0,3.0,81.37,244.11,135.0,79.99999237060547,309423.12999778986,9762588.87000218,1221.753361582756,135.0,79.99999237060547,309422.94581595063,9762589.05418402,1223.2305731773376,135.0,80.0,309423.3141795546,9762588.685820416,1220.2761499881744,1
GL10DH2,84.0,87.0,3.0,62.49333333333333,187.48,135.0,79.9999771118164,309467.4983613938,9762563.501638591,1217.798934340477,135.0,79.99999237060547,309467.3141794205,9762563.68582058,1219.2761459350586,135.0,79.99999237060547,309467.68254336715,9762563.317456603,1216.3217227458954,2
GL10DH2,87.0,90.0,3.0,93.74,281.21999999999997,135.0,79.99999237060547,309467.8667252064,9762563.133274764,1214.8445111513138,135.0,79.99999237060547,309467.68254336715,9762563.317456603,1216.3217227458954,135.0,80.00001525878906,309468.050906837,9762562.949093133,1213.3672995567322,2
GL10DH2,90.0,93.0,3.0,93.74,281.21999999999997,135.0,79.99999237060547,309468.2350884676,9762562.764911503,1211.8900879621506,135.0,80.00001525878906,309468.050906837,9762562.949093133,1213.3672995567322,135.0,79.99999237060547,309468.4192703068,9762562.580729663,1210.412876367569,2
GL10DH2,93.0,96.0,3.0,93.74,281.21999999999997,135.0,79.9999771118164,309468.60345228016,9762562.396547675,1208.9356647729874,135.0,79.99999237060547,309468.4192703068,9762562.580729663,1210.412876367569,135.0,79.99999237060547,309468.7876342535,9762562.212365687,1207.4584531784058,2
GL10DH2,96.0,99.0,3.0,93.85593333333333,281.5678,135.0,79.99999237060547,309468.97181609273,9762562.028183848,1205.9812415838242,135.0,79.99999237060547,309468.7876342535,9762562.212365687,1207.4584531784058,135.0,80.00001525878906,309469.15599772334,9762561.844002217,1204.5040299892426,2
GL10DH2,99.0,102.0,3.0,93.87866666666666,281.63599999999997,135.0,79.99999237060547,309469.34017935395,9762561.659820586,1203.026818394661,135.0,80.00001525878906,309469.15599772334,9762561.844002217,1204.5040299892426,135.0,80.00001525878906,309469.52436098456,9762561.475638956,1201.5496068000793,2
GL10DH2,102.0,105.0,3.0,93.10239999999999,279.30719999999997,135.0,79.99999237060547,309469.7085426152,9762561.291457325,1200.0723952054977,135.0,80.00001525878906,309469.52436098456,9762561.475638956,1201.5496068000793,135.0,79.99999237060547,309469.8927244544,9762561.107275486,1198.5951836109161,2
GL10DH2,105.0,108.0,3.0,91.27933333333333,273.83799999999997,135.0,79.99999237060547,309470.07690629363,9762560.923093647,1197.1179720163345,135.0,79.99999237060547,309469.8927244544,9762561.107275486,1198.5951836109161,135.0,79.99999237060547,309470.26108813286,9762560.738911808,1195.640760421753,2
GL10DH2,108.0,111.0,3.0,64.37819999999984,193.13459999999952,135.0,79.99999237060547,309470.4452699721,9762560.554729968,1194.1635488271713,135.0,79.99999237060547,309470.26108813286,9762560.738911808,1195.640760421753,135.0,79.99999237060547,309470.6294518113,9762560.37054813,1192.6863372325897,2
GL11DH1,21.0,24.0,3.0,65.38259999999997,196.1477999999999,135.0,79.99999237060547,309505.7627233863,9762678.237276614,1281.841824889183,135.0,80.00001525878906,309505.5785417557,9762678.421458244,1283.3190364837646,135.0,79.99999237060547,309505.9469052255,9762678.053094774,1280.3646132946014,4
GL11DH1,24.0,27.0,3.0,90.95666666666666,272.87,135.0,79.9999771118164,309506.13108719885,9762677.868912786,1278.8874017000198,135.0,79.99999237060547,309505.9469052255,9762678.053094774,1280.3646132946014,135.0,79.99999237060547,309506.3152691722,9762677.684730798,1277.4101901054382,4
GL11DH1,27.0,30.0,3.0,90.84333333333332,272.53,135.0,79.99999237060547,309506.4994510114,9762677.500548959,1275.9329785108566,135.0,79.99999237060547,309506.3152691722,9762677.684730798,1277.4101901054382,135.0,80.00001525878906,309506.68363264203,9762677.316367328,1274.455766916275,4
GL11DH1,30.0,33.0,3.0,88.875,266.625,135.0,79.99999237060547,309506.86781427264,9762677.132185698,1272.9785553216934,135.0,80.00001525878906,309506.68363264203,9762677.316367328,1274.455766916275,135.0,79.99999237060547,309507.05199611187,9762676.948003858,1271.5013437271118,4
GL11DH1,33.0,36.0,3.0,90.14833333333333,270.445,135.0,79.9999771118164,309507.2361780852,9762676.76382187,1270.0241321325302,135.0,79.99999237060547,309507.05199611187,9762676.948003858,1271.5013437271118,135.0,79.99999237060547,309507.42036005855,9762676.579639882,1268.5469205379486,4
GL11DH1,36.0,39.0,3.0,91.56333333333333,274.69,135.0,79.99999237060547,309507.6045418978,9762676.395458043,1267.069708943367,135.0,79.99999237060547,309507.42036005855,9762676.579639882,1268.5469205379486,135.0,80.00001525878906,309507.7887235284,9762676.211276412,1265.5924973487854,4
GL11DH1,39.0,42.0,3.0,89.84333333333332,269.53,135.0,79.99999237060547,309507.972905159,9762676.027094781,1264.1152857542038,135.0,80.00001525878906,309507.7887235284,9762676.211276412,1265.5924973487854,135.0,79.99999237060547,309508.1570869982,9762675.842912942,1262.6380741596222,4
GL11DH1,42.0,45.0,3.0,89.74833333333333,269.245,135.0,79.9999771118164,309508.34126897156,9762675.658730954,1261.1608625650406,135.0,79.99999237060547,309508.1570869982,9762675.842912942,1262.6380741596222,135.0,79.99999237060547,309508.5254509449,9762675.474548966,1259.683650970459,4
GL11DH1,45.0,48.0,3.0,91.23666666666666,273.71,135.0,79.99999237060547,309508.7096327841,9762675.290367126,1258.2064393758774,135.0,79.99999237060547,309508.5254509449,9762675.474548966,1259.683650970459,135.0,79.99999237060547,309508.89381462336,9762675.106185287,1256.7292277812958,4
GL11DH1,48.0,51.0,3.0,90.53000000000002,271.59000000000003,135.0,79.99999237060547,309509.0779964626,9762674.922003448,1255.2520161867142,135.0,79.99999237060547,309508.89381462336,9762675.106185287,1256.7292277812958,135.0,79.99999237060547,309509.2621783018,9762674.737821609,1253.7748045921326,4
GL11DH1,51.0,54.0,3.0,92.03666666666665,276.10999999999996,135.0,79.99999237060547,309509.44636014104,9762674.55363977,1252.297592997551,135.0,79.99999237060547,309509.2621783018,9762674.737821609,1253.7748045921326,135.0,79.99999237060547,309509.63054198027,9762674.36945793,1250.8203814029694,4
GL11DH1,54.0,57.0,3.0,51.10786666666669,153.32360000000006,135.0,79.99999237060547,309509.8147238195,9762674.185276091,1249.3431698083878,135.0,79.99999237060547,309509.63054198027,9762674.36945793,1250.8203814029694,135.0,79.99999237060547,309509.9989056587,9762674.001094252,1247.8659582138062,4
GL11DH2,45.0,48.0,3.0,90.13,270.39,135.0,79.99999237060547,309536.7096349299,9762640.29036507,1257.2064393758774,135.0,79.99999237060547,309536.52545309067,9762640.47454691,1258.683650970459,135.0,79.99999237060547,309536.8938167691,9762640.10618323,1255.7292277812958,5
GL11DH2,48.0,51.0,3.0,91.78233333333333,275.347,135.0,79.99999237060547,309537.07799860835,9762639.922001392,1254.2520161867142,135.0,79.99999237060547,309536.8938167691,9762640.10618323,1255.7292277812958,135.0,79.99999237060547,309537.2621804476,9762639.737819552,1252.7748045921326,5
GL11DH2,51.0,54.0,3.0,91.646,274.938,135.0,79.99999237060547,309537.4463622868,9762639.553637713,1251.297592997551,135.0,79.99999237060547,309537.2621804476,9762639.737819552,1252.7748045921326,135.0,79.99999237060547,309537.63054412603,9762639.369455874,1249.8203814029694,5
GL11DH2,54.0,57.0,3.0,92.38999999999999,277.16999999999996,135.0,79.99999237060547,309537.81472596526,9762639.185274035,1248.3431698083878,135.0,79.99999237060547,309537.63054412603,9762639.369455874,1249.8203814029694,135.0,79.99999237060547,309537.9989078045,9762639.001092196,1246.8659582138062,5
GL11DH2,57.0,60.0,3.0,91.49000000000001,274.47,135.0,79.99999237060547,309538.1830896437,9762638.816910356,1245.3887466192245,135.0,79.99999237060547,309537.9989078045,9762639.001092196,1246.8659582138062,135.0,80.00001525878906,309538.3672712743,9762638.632728726,1243.911535024643,5
GL11DH2,60.0,63.0,3.0,91.37799999999999,274.13399999999996,135.0,79.99999237060547,309538.55145290494,9762638.448547095,1242.4343234300613,135.0,80.00001525878906,309538.3672712743,9762638.632728726,1243.911535024643,135.0,79.99999237060547,309538.73563474417,9762638.264365256,1240.9571118354797,5
GL11DH2,63.0,66.0,3.0,89.87266666666665,269.61799999999994,135.0,79.99999237060547,309538.9198165834,9762638.080183417,1239.4799002408981,135.0,79.99999237060547,309538.73563474417,9762638.264365256,1240.9571118354797,135.0,79.99999237060547,309539.1039984226,9762637.896001577,1238.0026886463165,5
GL11DH2,66.0,69.0,3.0,87.39,262.17,135.0,79.99999237060547,309539.28818026185,9762637.711819738,1236.525477051735,135.0,79.99999237060547,309539.1039984226,9762637.896001577,1238.0026886463165,135.0,79.99999237060547,309539.4723621011,9762637.527637899,1235.0482654571533,5
GL11DH2,69.0,72.0,3.0,89.399,268.197,135.0,79.99999237060547,309539.6565439403,9762637.34345606,1233.5710538625717,135.0,79.99999237060547,309539.4723621011,9762637.527637899,1235.0482654571533,135.0,79.99999237060547,309539.84072577953,9762637.15927422,1232.09384226799,5
GL11DH2,72.0,75.0,3.0,89.85666666666667,269.57,135.0,79.99999237060547,309540.02490761876,9762636.975092381,1230.6166306734085,135.0,79.99999237060547,309539.84072577953,9762637.15927422,1232.09384226799,135.0,79.99999237060547,309540.209089458,9762636.790910542,1229.139419078827,5
GL11DH2,75.0,78.0,3.0,86.58999999999999,259.77,135.0,79.9999771118164,309540.3932714313,9762636.606728554,1227.6622074842453,135.0,79.99999237060547,309540.209089458,9762636.790910542,1229.139419078827,135.0,79.99999237060547,309540.57745340466,9762636.422546566,1226.1849958896637,5
GL11DH2,78.0,81.0,3.0,91.04899999999999,273.147,135.0,79.99999237060547,309540.7616352439,9762636.238364726,1224.707784295082,135.0,79.99999237060547,309540.57745340466,9762636.422546566,1226.1849958896637,135.0,79.99999237060547,309540.9458170831,9762636.054182887,1223.2305727005005,5
GL11DH3,9.0,12.0,3.0,62.06013333333336,186.18040000000008,135.0,79.99999237060547,309458.28927245736,9762700.710727543,1295.6595185995102,135.0,79.99999237060547,309458.10509061813,9762700.894909382,1297.1367301940918,135.0,79.99999237060547,309458.4734542966,9762700.526545703,1294.1823070049286,6
GL11DH3,12.0,15.0,3.0,94.34999999999998,283.04999999999995,135.0,79.99999237060547,309458.6576361358,9762700.342363864,1292.705095410347,135.0,79.99999237060547,309458.4734542966,9762700.526545703,1294.1823070049286,135.0,79.99999237060547,309458.84181797504,9762700.158182025,1291.2278838157654,6
GL11DH3,15.0,18.0,3.0,95.2308,285.6924,135.0,79.9999771118164,309459.0259999484,9762699.974000037,1289.7506722211838,135.0,79.99999237060547,309458.84181797504,9762700.158182025,1291.2278838157654,135.0,79.99999237060547,309459.2101819217,9762699.789818048,1288.2734606266022,6
GL11DH3,18.0,21.0,3.0,89.23559999999999,267.7068,135.0,79.99999237060547,309459.39436376095,9762699.60563621,1286.7962490320206,135.0,79.99999237060547,309459.2101819217,9762699.789818048,1288.2734606266022,135.0,80.00001525878906,309459.57854539156,9762699.421454579,1285.319037437439,6
GL11DH3,21.0,24.0,3.0,87.99,263.96999999999997,135.0,79.99999237060547,309459.7627270222,9762699.237272948,1283.8418258428574,135.0,80.00001525878906,309459.57854539156,9762699.421454579,1285.319037437439,135.0,79.99999237060547,309459.9469088614,9762699.053091109,1282.3646142482758,6
GL11DH3,24.0,27.0,3.0,91.75,275.25,135.0,79.9999771118164,309460.13109083474,9762698.86890912,1280.8874026536942,135.0,79.99999237060547,309459.9469088614,9762699.053091109,1282.3646142482758,135.0,79.99999237060547,309460.3152728081,9762698.684727132,1279.4101910591125,6
GL11DH3,27.0,30.0,3.0,91.27,273.81,135.0,79.99999237060547,309460.4994546473,9762698.500545293,1277.932979464531,135.0,79.99999237060547,309460.3152728081,9762698.684727132,1279.4101910591125,135.0,80.00001525878906,309460.6836362779,9762698.316363662,1276.4557678699493,6
GL11DH3,30.0,33.0,3.0,39.595600000000005,118.78680000000001,135.0,79.99999237060547,309460.8678179085,9762698.132182032,1274.9785562753677,135.0,80.00001525878906,309460.6836362779,9762698.316363662,1276.4557678699493,135.0,79.99999237060547,309461.05199974775,9762697.948000193,1273.5013446807861,6
GL11DH3,33.0,36.0,3.0,48.64786666666668,145.94360000000003,135.0,79.9999771118164,309461.2361817211,9762697.763818204,1272.0241330862045,135.0,79.99999237060547,309461.05199974775,9762697.948000193,1273.5013446807861,135.0,79.99999237060547,309461.42036369443,9762697.579636216,1270.546921491623,6
GL11DH3,36.0,39.0,3.0,41.52866666666662,124.58599999999987,135.0,79.99999237060547,309461.60454553366,9762697.395454377,1269.0697098970413,135.0,79.99999237060547,309461.42036369443,9762697.579636216,1270.546921491623,135.0,80.00001525878906,309461.78872716427,9762697.211272746,1267.5924983024597,6
GL11DH3,39.0,42.0,3.0,0.0,0.0,135.0,80.00001525878906,309461.97290858626,9762697.027091324,1266.1152865886688,135.0,80.00001525878906,309461.78872716427,9762697.211272746,1267.5924983024597,135.0,79.99999237060547,309462.1570902169,9762696.842909694,1264.6380749940872,6
GL11DH3,42.0,45.0,3.0,47.62160000000009,142.8648000000003,135.0,79.99999237060547,309462.3412720561,9762696.658727854,1263.1608633995056,135.0,79.99999237060547,309462.1570902169,9762696.842909694,1264.6380749940872,135.0,79.99999237060547,309462.52545389533,9762696.474546015,1261.683651804924,6
GL11DH3,45.0,48.0,3.0,92.50999999999999,277.53,135.0,79.99999237060547,309462.70963573456,9762696.290364176,1260.2064402103424,135.0,79.99999237060547,309462.52545389533,9762696.474546015,1261.683651804924,135.0,79.99999237060547,309462.8938175738,9762696.106182337,1258.7292286157608,6
GL11DH3,48.0,51.0,3.0,91.46999999999998,274.40999999999997,135.0,79.99999237060547,309463.077999413,9762695.922000498,1257.2520170211792,135.0,79.99999237060547,309462.8938175738,9762696.106182337,1258.7292286157608,135.0,79.99999237060547,309463.26218125224,9762695.737818658,1255.7748054265976,6
GL11DH3,51.0,54.0,3.0,91.99,275.96999999999997,135.0,79.99999237060547,309463.44636309147,9762695.55363682,1254.297593832016,135.0,79.99999237060547,309463.26218125224,9762695.737818658,1255.7748054265976,135.0,80.0,309463.6305448562,9762695.369455054,1252.8203822374344,6
GL11DH4,96.0,99.0,3.0,87.37,262.11,135.0,79.99999237060547,309584.9718147814,9762608.028185219,1204.9812463521957,135.0,79.99999237060547,309584.7876329422,9762608.212367058,1206.4584579467773,135.0,80.00001525878906,309585.15599641204,9762607.844003588,1203.5040347576141,7
GL11DH4,99.0,102.0,3.0,86.69850000000001,260.0955,135.0,79.99999237060547,309585.34017804265,9762607.659821957,1202.0268231630325,135.0,80.00001525878906,309585.15599641204,9762607.844003588,1203.5040347576141,135.0,79.99999237060547,309585.5243598819,9762607.475640118,1200.549611568451,7
GL11DH4,102.0,105.0,3.0,86.52333333333333,259.57,135.0,79.9999771118164,309585.7085418552,9762607.29145813,1199.0723999738693,135.0,79.99999237060547,309585.5243598819,9762607.475640118,1200.549611568451,135.0,79.99999237060547,309585.89272382855,9762607.107276142,1197.5951883792877,7
GL11DH4,105.0,108.0,3.0,87.1932,261.5796,135.0,79.99999237060547,309586.0769056678,9762606.923094302,1196.1179767847061,135.0,79.99999237060547,309585.89272382855,9762607.107276142,1197.5951883792877,135.0,79.99999237060547,309586.261087507,9762606.738912463,1194.6407651901245,7
GL11DH4,108.0,111.0,3.0,88.34613333333334,265.0384,135.0,79.99999237060547,309586.44526934624,9762606.554730624,1193.163553595543,135.0,79.99999237060547,309586.261087507,9762606.738912463,1194.6407651901245,135.0,79.99999237060547,309586.62945118546,9762606.370548785,1191.6863420009613,7
GL11DH4,111.0,114.0,3.0,89.84586666666667,269.5376,135.0,79.99999237060547,309586.8136330247,9762606.186366946,1190.2091304063797,135.0,79.99999237060547,309586.62945118546,9762606.370548785,1191.6863420009613,135.0,79.99999237060547,309586.9978148639,9762606.002185106,1188.731918811798,7
GL11DH4,114.0,117.0,3.0,91.2056,273.6168,135.0,79.99999237060547,309587.18199670315,9762605.818003267,1187.2547072172165,135.0,79.99999237060547,309586.9978148639,9762606.002185106,1188.731918811798,135.0,79.99999237060547,309587.3661785424,9762605.633821428,1185.777495622635,7
GL11DH4,117.0,120.0,3.0,91.6816,275.0448,135.0,79.99999237060547,309587.5503603816,9762605.449639589,1184.3002840280533,135.0,79.99999237060547,309587.3661785424,9762605.633821428,1185.777495622635,135.0,80.00001525878906,309587.7345420122,9762605.265457958,1182.8230724334717,7
GL11DH4,120.0,123.0,3.0,91.05173333333335,273.15520000000004,135.0,79.99999237060547,309587.9187236428,9762605.081276327,1181.34586083889,135.0,80.00001525878906,309587.7345420122,9762605.265457958,1182.8230724334717,135.0,79.99999237060547,309588.10290548205,9762604.897094488,1179.8686492443085,7
GL11DH4,123.0,126.0,3.0,91.1952,273.5856,135.0,79.99999237060547,309588.2870873213,9762604.712912649,1178.3914376497269,135.0,79.99999237060547,309588.10290548205,9762604.897094488,1179.8686492443085,135.0,79.99999237060547,309588.4712691605,9762604.52873081,1176.9142260551453,7
GL11DH4,126.0,129.0,3.0,90.88013333333333,272.6404,135.0,79.99999237060547,309588.65545099974,9762604.34454897,1175.4370144605637,135.0,79.99999237060547,309588.4712691605,9762604.52873081,1176.9142260551453,135.0,79.99999237060547,309588.83963283896,9762604.160367131,1173.959802865982,7
GL11DH4,129.0,132.0,3.0,92.12360000000001,276.37080000000003,135.0,79.99999237060547,309589.0238146782,9762603.976185292,1172.4825912714005,135.0,79.99999237060547,309588.83963283896,9762604.160367131,1173.959802865982,135.0,79.99999237060547,309589.2079965174,9762603.792003453,1171.0053796768188,7
GL11DH4,132.0,135.0,3.0,91.015,273.045,135.0,79.99999237060547,309589.39217835665,9762603.607821614,1169.5281680822372,135.0,79.99999237060547,309589.2079965174,9762603.792003453,1171.0053796768188,135.0,79.99999237060547,309589.5763601959,9762603.423639774,1168.0509564876556,7
GL12DH1,6.0,9.0,3.0,72.77066666666667,218.312,135.0,79.99999237060547,309475.9209088981,9762787.079091102,1300.613942027092,135.0,79.99999237060547,309475.7367270589,9762787.263272941,1302.0911536216736,135.0,79.99999237060547,309476.10509073734,9762786.894909263,1299.1367304325104,8
GL12DH1,9.0,12.0,3.0,94.79253333333334,284.37760000000003,135.0,79.99999237060547,309476.28927257657,9762786.710727423,1297.6595188379288,135.0,79.99999237060547,309476.10509073734,9762786.894909263,1299.1367304325104,135.0,79.99999237060547,309476.4734544158,9762786.526545584,1296.1823072433472,8
GL12DH1,12.0,15.0,3.0,95.16000000000001,285.48,135.0,79.99999237060547,309476.657636255,9762786.342363745,1294.7050956487656,135.0,79.99999237060547,309476.4734544158,9762786.526545584,1296.1823072433472,135.0,79.99999237060547,309476.84181809425,9762786.158181906,1293.227884054184,8
GL12DH1,15.0,18.0,3.0,94.16986666666666,282.5096,135.0,79.9999771118164,309477.0260000676,9762785.973999918,1291.7506724596024,135.0,79.99999237060547,309476.84181809425,9762786.158181906,1293.227884054184,135.0,79.99999237060547,309477.21018204093,9762785.78981793,1290.2734608650208,8
GL12DH1,18.0,21.0,3.0,95.1992,285.5976,135.0,79.99999237060547,309477.39436388016,9762785.60563609,1288.7962492704391,135.0,79.99999237060547,309477.21018204093,9762785.78981793,1290.2734608650208,135.0,80.00001525878906,309477.57854551077,9762785.42145446,1287.3190376758575,8
GL12DH1,21.0,24.0,3.0,91.77999999999999,275.34,135.0,79.99999237060547,309477.7627271414,9762785.237272829,1285.841826081276,135.0,80.00001525878906,309477.57854551077,9762785.42145446,1287.3190376758575,135.0,79.99999237060547,309477.9469089806,9762785.05309099,1284.3646144866943,8
GL12DH1,24.0,27.0,3.0,90.99066666666666,272.972,135.0,79.9999771118164,309478.13109095395,9762784.868909001,1282.8874028921127,135.0,79.99999237060547,309477.9469089806,9762785.05309099,1284.3646144866943,135.0,79.99999237060547,309478.3152729273,9762784.684727013,1281.4101912975311,8
GL12DH1,27.0,30.0,3.0,93.45453333333334,280.3636,135.0,79.99999237060547,309478.4994547665,9762784.500545174,1279.9329797029495,135.0,79.99999237060547,309478.3152729273,9762784.684727013,1281.4101912975311,135.0,80.00001525878906,309478.6836363971,9762784.316363543,1278.455768108368,8
GL12DH1,30.0,33.0,3.0,93.8252,281.4756,135.0,79.99999237060547,309478.86781802773,9762784.132181913,1276.9785565137863,135.0,80.00001525878906,309478.6836363971,9762784.316363543,1278.455768108368,135.0,79.99999237060547,309479.05199986696,9762783.948000073,1275.5013449192047,8
GL12DH2,27.0,30.0,3.0,51.53119999999996,154.5935999999999,135.0,79.99999237060547,309523.4994536936,9762759.500546306,1278.9329789876938,135.0,79.99999237060547,309523.3152718544,9762759.684728146,1280.4101905822754,135.0,80.00001525878906,309523.68363532424,9762759.316364676,1277.4557673931122,9
GL12DH2,30.0,33.0,3.0,90.47359999999999,271.4208,135.0,79.99999237060547,309523.86781695485,9762759.132183045,1275.9785557985306,135.0,80.00001525878906,309523.68363532424,9762759.316364676,1277.4557673931122,135.0,79.99999237060547,309524.0519987941,9762758.948001206,1274.501344203949,9
GL12DH2,33.0,36.0,3.0,88.91186666666665,266.7356,135.0,79.9999771118164,309524.2361807674,9762758.763819218,1273.0241326093674,135.0,79.99999237060547,309524.0519987941,9762758.948001206,1274.501344203949,135.0,79.99999237060547,309524.42036274076,9762758.57963723,1271.5469210147858,9
GL12DH2,36.0,39.0,3.0,90.334,271.002,135.0,79.99999237060547,309524.60454458,9762758.39545539,1270.0697094202042,135.0,79.99999237060547,309524.42036274076,9762758.57963723,1271.5469210147858,135.0,80.00001525878906,309524.7887262106,9762758.21127376,1268.5924978256226,9
GL12DH2,39.0,42.0,3.0,93.05520000000001,279.16560000000004,135.0,79.99999237060547,309524.9729078412,9762758.027092129,1267.115286231041,135.0,80.00001525878906,309524.7887262106,9762758.21127376,1268.5924978256226,135.0,79.99999237060547,309525.15708968043,9762757.84291029,1265.6380746364594,9
GL12DH2,42.0,45.0,3.0,87.16239999999999,261.4872,135.0,79.9999771118164,309525.3412716538,9762757.658728302,1264.1608630418777,135.0,79.99999237060547,309525.15708968043,9762757.84291029,1265.6380746364594,135.0,79.99999237060547,309525.5254536271,9762757.474546313,1262.6836514472961,9
GL12DH2,45.0,48.0,3.0,86.63946666666665,259.91839999999996,135.0,79.99999237060547,309525.70963546634,9762757.290364474,1261.2064398527145,135.0,79.99999237060547,309525.5254536271,9762757.474546313,1262.6836514472961,135.0,79.99999237060547,309525.89381730556,9762757.106182635,1259.729228258133,9
GL12DH2,48.0,51.0,3.0,87.4304,262.2912,135.0,79.99999237060547,309526.0779991448,9762756.922000796,1258.2520166635513,135.0,79.99999237060547,309525.89381730556,9762757.106182635,1259.729228258133,135.0,79.99999237060547,309526.262180984,9762756.737818956,1256.7748050689697,9
GL12DH2,51.0,54.0,3.0,85.43866666666668,256.31600000000003,135.0,79.99999237060547,309526.44636282325,9762756.553637117,1255.2975934743881,135.0,79.99999237060547,309526.262180984,9762756.737818956,1256.7748050689697,135.0,79.99999237060547,309526.6305446625,9762756.369455278,1253.8203818798065,9
GL12DH2,54.0,57.0,3.0,91.27103333333332,273.81309999999996,135.0,79.99999237060547,309526.8147265017,9762756.185273439,1252.343170285225,135.0,79.99999237060547,309526.6305446625,9762756.369455278,1253.8203818798065,135.0,79.99999237060547,309526.99890834093,9762756.0010916,1250.8659586906433,9
GL12DH2,57.0,60.0,3.0,94.572,283.716,135.0,79.99999237060547,309527.18309018016,9762755.81690976,1249.3887470960617,135.0,79.99999237060547,309526.99890834093,9762756.0010916,1250.8659586906433,135.0,80.00001525878906,309527.36727181077,9762755.63272813,1247.91153550148,9
GL12DH2,60.0,63.0,3.0,94.264,282.792,135.0,79.99999237060547,309527.5514534414,9762755.448546499,1246.4343239068985,135.0,80.00001525878906,309527.36727181077,9762755.63272813,1247.91153550148,135.0,79.99999237060547,309527.7356352806,9762755.26436466,1244.957112312317,9
GL12DH2,63.0,66.0,3.0,93.56266666666666,280.688,135.0,79.99999237060547,309527.91981711984,9762755.08018282,1243.4799007177353,135.0,79.99999237060547,309527.7356352806,9762755.26436466,1244.957112312317,135.0,79.99999237060547,309528.10399895906,9762754.896000981,1242.0026891231537,9
GL12DH3,51.0,54.0,3.0,81.42133333333332,244.26399999999995,135.0,79.99999237060547,309568.4463621676,9762732.553637832,1253.2975953817368,135.0,79.99999237060547,309568.26218032837,9762732.737819672,1254.7748069763184,135.0,79.99999237060547,309568.6305440068,9762732.369455993,1251.8203837871552,10
GL12DH3,54.0,57.0,3.0,86.04480000000001,258.1344,135.0,79.99999237060547,309568.81472584605,9762732.185274154,1250.3431721925735,135.0,79.99999237060547,309568.6305440068,9762732.369455993,1251.8203837871552,135.0,79.99999237060547,309568.9989076853,9762732.001092315,1248.865960597992,10
GL12DH3,57.0,60.0,3.0,77.23559999999999,231.7068,135.0,79.99999237060547,309569.1830895245,9762731.816910475,1247.3887490034103,135.0,79.99999237060547,309568.9989076853,9762732.001092315,1248.865960597992,135.0,80.00001525878906,309569.3672711551,9762731.632728845,1245.9115374088287,10
GL12DH3,60.0,63.0,3.0,73.7148,221.1444,135.0,79.99999237060547,309569.55145278573,9762731.448547214,1244.4343258142471,135.0,80.00001525878906,309569.3672711551,9762731.632728845,1245.9115374088287,135.0,79.99999237060547,309569.73563462496,9762731.264365375,1242.9571142196655,10
GL12DH3,63.0,66.0,3.0,76.14,228.42000000000002,135.0,79.99999237060547,309569.9198164642,9762731.080183536,1241.479902625084,135.0,79.99999237060547,309569.73563462496,9762731.264365375,1242.9571142196655,135.0,79.99999237060547,309570.1039983034,9762730.896001697,1240.0026910305023,10
GL12DH3,66.0,69.0,3.0,81.00000000000001,243.00000000000006,135.0,79.99999237060547,309570.28818014264,9762730.711819857,1238.5254794359207,135.0,79.99999237060547,309570.1039983034,9762730.896001697,1240.0026910305023,135.0,79.99999237060547,309570.47236198187,9762730.527638018,1237.048267841339,10
GL12DH3,69.0,72.0,3.0,89.31466666666665,267.94399999999996,135.0,79.99999237060547,309570.6565438211,9762730.343456179,1235.5710562467575,135.0,79.99999237060547,309570.47236198187,9762730.527638018,1237.048267841339,135.0,79.99999237060547,309570.8407256603,9762730.15927434,1234.093844652176,10
GL12DH3,72.0,75.0,3.0,90.54426666666666,271.6328,135.0,79.99999237060547,309571.02490749955,9762729.9750925,1232.6166330575943,135.0,79.99999237060547,309570.8407256603,9762730.15927434,1234.093844652176,135.0,79.99999237060547,309571.2090893388,9762729.790910661,1231.1394214630127,10
GL12DH3,75.0,78.0,3.0,88.35719999999999,265.0716,135.0,79.9999771118164,309571.3932713121,9762729.606728673,1229.662209868431,135.0,79.99999237060547,309571.2090893388,9762729.790910661,1231.1394214630127,135.0,79.99999237060547,309571.57745328546,9762729.422546685,1228.1849982738495,10
GL12DH3,78.0,81.0,3.0,87.48386666666669,262.45160000000004,135.0,79.99999237060547,309571.7616351247,9762729.238364846,1226.7077866792679,135.0,79.99999237060547,309571.57745328546,9762729.422546685,1228.1849982738495,135.0,80.00001525878906,309571.9458167553,9762729.054183215,1225.2305750846863,10
GL12DH3,81.0,84.0,3.0,91.99666666666667,275.99,135.0,79.99999237060547,309572.1299983859,9762728.870001584,1223.7533634901047,135.0,80.00001525878906,309571.9458167553,9762729.054183215,1225.2305750846863,135.0,79.99999237060547,309572.31418022513,9762728.685819745,1222.276151895523,10
GL12DH3,84.0,87.0,3.0,94.11,282.33,135.0,79.9999771118164,309572.4983621985,9762728.501637757,1220.7989403009415,135.0,79.99999237060547,309572.31418022513,9762728.685819745,1222.276151895523,135.0,79.99999237060547,309572.6825441718,9762728.317455769,1219.3217287063599,10
GL13DH1,9.0,12.0,3.0,55.95800000000003,167.87400000000008,135.0,79.99999237060547,309509.28927245736,9762880.710727543,1299.6595185995102,135.0,79.99999237060547,309509.10509061813,9762880.894909382,1301.1367301940918,135.0,79.99999237060547,309509.4734542966,9762880.526545703,1298.1823070049286,11
GL13DH1,12.0,15.0,3.0,87.55666666666667,262.67,135.0,79.99999237060547,309509.6576361358,9762880.342363864,1296.705095410347,135.0,79.99999237060547,309509.4734542966,9762880.526545703,1298.1823070049286,135.0,79.99999237060547,309509.84181797504,9762880.158182025,1295.2278838157654,11
GL13DH1,15.0,18.0,3.0,88.37213333333334,265.1164,135.0,79.9999771118164,309510.0259999484,9762879.974000037,1293.7506722211838,135.0,79.99999237060547,309509.84181797504,9762880.158182025,1295.2278838157654,135.0,79.99999237060547,309510.2101819217,9762879.789818048,1292.2734606266022,11
GL13DH1,18.0,21.0,3.0,87.96493333333335,263.89480000000003,135.0,79.99999237060547,309510.39436376095,9762879.60563621,1290.7962490320206,135.0,79.99999237060547,309510.2101819217,9762879.789818048,1292.2734606266022,135.0,80.00001525878906,309510.57854539156,9762879.421454579,1289.319037437439,11
GL13DH1,21.0,24.0,3.0,89.01786666666665,267.05359999999996,135.0,79.99999237060547,309510.7627270222,9762879.237272948,1287.8418258428574,135.0,80.00001525878906,309510.57854539156,9762879.421454579,1289.319037437439,135.0,79.99999237060547,309510.9469088614,9762879.053091109,1286.3646142482758,11
GL13DH1,24.0,27.0,3.0,86.19426666666668,258.5828,135.0,79.9999771118164,309511.13109083474,9762878.86890912,1284.8874026536942,135.0,79.99999237060547,309510.9469088614,9762879.053091109,1286.3646142482758,135.0,79.99999237060547,309511.3152728081,9762878.684727132,1283.4101910591125,11
GL13DH1,27.0,30.0,3.0,86.4764,259.4292,135.0,79.99999237060547,309511.4994546473,9762878.500545293,1281.932979464531,135.0,79.99999237060547,309511.3152728081,9762878.684727132,1283.4101910591125,135.0,80.00001525878906,309511.6836362779,9762878.316363662,1280.4557678699493,11
GL13DH1,30.0,33.0,3.0,93.15159999999999,279.4548,135.0,79.99999237060547,309511.8678179085,9762878.132182032,1278.9785562753677,135.0,80.00001525878906,309511.6836362779,9762878.316363662,1280.4557678699493,135.0,79.99999237060547,309512.05199974775,9762877.948000193,1277.5013446807861,11
GL13DH1,33.0,36.0,3.0,91.99,275.96999999999997,135.0,79.9999771118164,309512.2361817211,9762877.763818204,1276.0241330862045,135.0,79.99999237060547,309512.05199974775,9762877.948000193,1277.5013446807861,135.0,79.99999237060547,309512.42036369443,9762877.579636216,1274.546921491623,11
GL13DH1,36.0,39.0,3.0,91.71266666666666,275.138,135.0,79.99999237060547,309512.60454553366,9762877.395454377,1273.0697098970413,135.0,79.99999237060547,309512.42036369443,9762877.579636216,1274.546921491623,135.0,80.00001525878906,309512.78872716427,9762877.211272746,1271.5924983024597,11
GL13DH1,39.0,42.0,3.0,67.07800000000009,201.23400000000026,135.0,79.9999771118164,309512.972908929,9762877.027090982,1270.115286707878,135.0,80.00001525878906,309512.78872716427,9762877.211272746,1271.5924983024597,135.0,79.99999237060547,309513.1570909023,9762876.842908993,1268.6380751132965,11
GL13DH2,48.0,51.0,3.0,87.59079999999999,262.77239999999995,135.0,79.99999237060547,309563.0779983103,9762850.92200169,1261.252017378807,135.0,79.99999237060547,309562.8938164711,9762851.106183529,1262.7292289733887,135.0,79.99999237060547,309563.26218014956,9762850.73781985,1259.7748057842255,12
GL13DH2,51.0,54.0,3.0,91.504,274.512,135.0,79.99999237060547,309563.4463619888,9762850.553638011,1258.2975941896439,135.0,79.99999237060547,309563.26218014956,9762850.73781985,1259.7748057842255,135.0,79.99999237060547,309563.630543828,9762850.369456172,1256.8203825950623,12
GL13DH2,54.0,57.0,3.0,90.9257,272.7771,135.0,79.99999237060547,309563.81472566724,9762850.185274333,1255.3431710004807,135.0,79.99999237060547,309563.630543828,9762850.369456172,1256.8203825950623,135.0,79.99999237060547,309563.99890750647,9762850.001092494,1253.865959405899,12
GL13DH2,57.0,60.0,3.0,92.55669999999999,277.6701,135.0,79.99999237060547,309564.1830893457,9762849.816910654,1252.3887478113174,135.0,79.99999237060547,309563.99890750647,9762850.001092494,1253.865959405899,135.0,80.00001525878906,309564.3672709763,9762849.632729024,1250.9115362167358,12
GL13DH2,60.0,63.0,3.0,95.39139999999999,286.1742,135.0,79.99999237060547,309564.5514526069,9762849.448547393,1249.4343246221542,135.0,80.00001525878906,309564.3672709763,9762849.632729024,1250.9115362167358,135.0,79.99999237060547,309564.73563444614,9762849.264365554,1247.9571130275726,12
GL13DH2,63.0,66.0,3.0,96.71900000000001,290.15700000000004,135.0,79.99999237060547,309564.9198162854,9762849.080183715,1246.479901432991,135.0,79.99999237060547,309564.73563444614,9762849.264365554,1247.9571130275726,135.0,79.99999237060547,309565.1039981246,9762848.896001875,1245.0026898384094,12
GL13DH2,66.0,69.0,3.0,94.0193,282.0579,135.0,79.99999237060547,309565.2881799638,9762848.711820036,1243.5254782438278,135.0,79.99999237060547,309565.1039981246,9762848.896001875,1245.0026898384094,135.0,79.99999237060547,309565.47236180305,9762848.527638197,1242.0482666492462,12
GL13DH2,69.0,72.0,3.0,93.3512,280.0536,135.0,79.99999237060547,309565.6565436423,9762848.343456358,1240.5710550546646,135.0,79.99999237060547,309565.47236180305,9762848.527638197,1242.0482666492462,135.0,79.99999237060547,309565.8407254815,9762848.159274518,1239.093843460083,12
GL13DH2,72.0,75.0,3.0,95.98503333333333,287.9551,135.0,79.99999237060547,309566.02490732074,9762847.97509268,1237.6166318655014,135.0,79.99999237060547,309565.8407254815,9762848.159274518,1239.093843460083,135.0,79.99999237060547,309566.20908915997,9762847.79091084,1236.1394202709198,12
GL13DH2,75.0,78.0,3.0,89.55389999999996,268.6616999999999,135.0,79.9999771118164,309566.3932711333,9762847.606728852,1234.6622086763382,135.0,79.99999237060547,309566.20908915997,9762847.79091084,1236.1394202709198,135.0,79.99999237060547,309566.57745310664,9762847.422546864,1233.1849970817566,12
GL13DH2,78.0,81.0,3.0,87.78250000000001,263.3475,135.0,79.99999237060547,309566.76163494587,9762847.238365024,1231.707785487175,135.0,79.99999237060547,309566.57745310664,9762847.422546864,1233.1849970817566,135.0,79.99999237060547,309566.9458167851,9762847.054183185,1230.2305738925934,12
GL13DH2,81.0,84.0,3.0,96.69,290.07,135.0,79.99999237060547,309567.1299986243,9762846.870001346,1228.7533622980118,135.0,79.99999237060547,309566.9458167851,9762847.054183185,1230.2305738925934,135.0,79.99999237060547,309567.31418046355,9762846.685819507,1227.2761507034302,12
GL13DH3,57.0,60.0,3.0,60.87180000000001,182.61540000000002,135.0,79.99999237060547,309602.18308892846,9762826.816910595,1250.3887475728989,135.0,79.99999237060547,309601.99890708923,9762827.001092434,1251.8659591674805,135.0,80.00001525878906,309602.3672705591,9762826.632728964,1248.9115359783173,13
GL13DH3,60.0,63.0,3.0,88.4468,265.3404,135.0,79.99999237060547,309602.5514521897,9762826.448547333,1247.4343243837357,135.0,80.00001525878906,309602.3672705591,9762826.632728964,1248.9115359783173,135.0,79.99999237060547,309602.7356340289,9762826.264365494,1245.957112789154,13
GL13DH3,63.0,66.0,3.0,88.76,266.28000000000003,135.0,79.99999237060547,309602.91981586814,9762826.080183655,1244.4799011945724,135.0,79.99999237060547,309602.7356340289,9762826.264365494,1245.957112789154,135.0,79.99999237060547,309603.10399770737,9762825.896001816,1243.0026895999908,13
GL13DH3,66.0,69.0,3.0,82.72653333333332,248.17959999999997,135.0,79.99999237060547,309603.2881795466,9762825.711819977,1241.5254780054092,135.0,79.99999237060547,309603.10399770737,9762825.896001816,1243.0026895999908,135.0,79.99999237060547,309603.4723613858,9762825.527638137,1240.0482664108276,13
GL13DH3,69.0,72.0,3.0,80.29833333333333,240.89499999999998,135.0,79.99999237060547,309603.65654322505,9762825.343456298,1238.571054816246,135.0,79.99999237060547,309603.4723613858,9762825.527638137,1240.0482664108276,135.0,79.99999237060547,309603.8407250643,9762825.159274459,1237.0938432216644,13
GL13DH3,72.0,75.0,3.0,85.52933333333333,256.58799999999997,135.0,79.99999237060547,309604.0249069035,9762824.97509262,1235.6166316270828,135.0,79.99999237060547,309603.8407250643,9762825.159274459,1237.0938432216644,135.0,79.99999237060547,309604.20908874273,9762824.79091078,1234.1394200325012,13
GL13DH3,75.0,78.0,3.0,86.55296666666668,259.6589,135.0,79.9999771118164,309604.3932707161,9762824.606728792,1232.6622084379196,135.0,79.99999237060547,309604.20908874273,9762824.79091078,1234.1394200325012,135.0,79.99999237060547,309604.5774526894,9762824.422546804,1231.184996843338,13
GL13DH3,78.0,81.0,3.0,86.5582,259.6746,135.0,79.99999237060547,309604.76163452864,9762824.238364965,1229.7077852487564,135.0,79.99999237060547,309604.5774526894,9762824.422546804,1231.184996843338,135.0,80.00001525878906,309604.94581615925,9762824.054183334,1228.2305736541748,13
GL13DH3,81.0,84.0,3.0,87.63053333333335,262.89160000000004,135.0,79.99999237060547,309605.12999778986,9762823.870001704,1226.7533620595932,135.0,80.00001525878906,309604.94581615925,9762824.054183334,1228.2305736541748,135.0,79.99999237060547,309605.3141796291,9762823.685819864,1225.2761504650116,13
GL13DH3,84.0,87.0,3.0,89.69986666666667,269.0996,135.0,79.9999771118164,309605.4983616024,9762823.501637876,1223.79893887043,135.0,79.99999237060547,309605.3141796291,9762823.685819864,1225.2761504650116,135.0,79.99999237060547,309605.68254357576,9762823.317455888,1222.3217272758484,13
GL13DH3,87.0,90.0,3.0,85.10799999999999,255.32399999999996,135.0,79.99999237060547,309605.866725415,9762823.133274049,1220.8445156812668,135.0,79.99999237060547,309605.68254357576,9762823.317455888,1222.3217272758484,135.0,80.00001525878906,309606.0509070456,9762822.949092418,1219.3673040866852,13
GL13DH3,90.0,93.0,3.0,85.4276,256.2828,135.0,79.99999237060547,309606.2350886762,9762822.764910787,1217.8900924921036,135.0,80.00001525878906,309606.0509070456,9762822.949092418,1219.3673040866852,135.0,79.99999237060547,309606.41927051544,9762822.580728948,1216.412880897522,13
GL13DH3,93.0,96.0,3.0,88.24666666666668,264.74000000000007,135.0,79.9999771118164,309606.6034524888,9762822.39654696,1214.9356693029404,135.0,79.99999237060547,309606.41927051544,9762822.580728948,1216.412880897522,135.0,79.99999237060547,309606.7876344621,9762822.212364972,1213.4584577083588,13
GL13DH3,96.0,99.0,3.0,82.80930000000001,248.42790000000002,135.0,79.99999237060547,309606.97181630135,9762822.028183132,1211.9812461137772,135.0,79.99999237060547,309606.7876344621,9762822.212364972,1213.4584577083588,135.0,80.00001525878906,309607.15599793196,9762821.844001502,1210.5040345191956,13
GL13DH3,99.0,102.0,3.0,89.4019,268.2057,135.0,79.99999237060547,309607.34017956257,9762821.659819871,1209.026822924614,135.0,80.00001525878906,309607.15599793196,9762821.844001502,1210.5040345191956,135.0,79.99999237060547,309607.5243614018,9762821.475638032,1207.5496113300323,13
GL13DH3,102.0,105.0,3.0,88.74073333333335,266.22220000000004,135.0,79.99999237060547,309607.708543241,9762821.291456193,1206.0723997354507,135.0,79.99999237060547,309607.5243614018,9762821.475638032,1207.5496113300323,135.0,79.99999237060547,309607.89272508025,9762821.107274354,1204.5951881408691,13
GL13DH3,105.0,108.0,3.0,52.71,158.13,135.0,79.99999237060547,309608.0769069195,9762820.923092514,1203.1179765462875,135.0,79.99999237060547,309607.89272508025,9762821.107274354,1204.5951881408691,135.0,79.99999237060547,309608.2610887587,9762820.738910675,1201.640764951706,13
GL9DH1,66.0,69.0,3.0,49.77476666666653,149.3242999999996,135.0,79.99999237060547,309389.28818002343,9762494.711819977,1235.5254739522934,135.0,79.99999237060547,309389.1039981842,9762494.896001816,1237.002685546875,135.0,79.99999237060547,309389.47236186266,9762494.527638137,1234.0482623577118,14
GL9DH1,69.0,72.0,3.0,88.43506666666666,265.30519999999996,135.0,79.99999237060547,309389.6565437019,9762494.343456298,1232.5710507631302,135.0,79.99999237060547,309389.47236186266,9762494.527638137,1234.0482623577118,135.0,79.99999237060547,309389.8407255411,9762494.159274459,1231.0938391685486,14
GL9DH1,72.0,75.0,3.0,86.06753333333334,258.2026,135.0,79.99999237060547,309390.02490738034,9762493.97509262,1229.616627573967,135.0,79.99999237060547,309389.8407255411,9762494.159274459,1231.0938391685486,135.0,79.99999237060547,309390.20908921957,9762493.79091078,1228.1394159793854,14
GL9DH1,75.0,78.0,3.0,83.47399999999998,250.4219999999999,135.0,79.9999771118164,309390.3932711929,9762493.606728792,1226.6622043848038,135.0,79.99999237060547,309390.20908921957,9762493.79091078,1228.1394159793854,135.0,79.99999237060547,309390.57745316625,9762493.422546804,1225.1849927902222,14
GL9DH2,90.0,93.0,3.0,83.8602,251.5806,135.0,79.99999237060547,309437.2350754142,9762467.764924586,1211.8900903463364,135.0,80.00001525878906,309437.05089378357,9762467.949106216,1213.367301940918,135.0,79.99999237060547,309437.4192572534,9762467.580742747,1210.4128787517548,15
GL9DH2,93.0,96.0,3.0,88.5,265.5,135.0,79.9999771118164,309437.60343922675,9762467.396560758,1208.9356671571732,135.0,79.99999237060547,309437.4192572534,9762467.580742747,1210.4128787517548,135.0,79.99999237060547,309437.7876212001,9762467.21237877,1207.4584555625916,15
GL9DH2,96.0,99.0,3.0,87.7626,263.2878,135.0,79.99999237060547,309437.9718030393,9762467.02819693,1205.98124396801,135.0,79.99999237060547,309437.7876212001,9762467.21237877,1207.4584555625916,135.0,80.00001525878906,309438.1559846699,9762466.8440153,1204.5040323734283,15
GL9DH2,99.0,102.0,3.0,62.8778666666665,188.6335999999995,135.0,79.99999237060547,309438.34016630054,9762466.65983367,1203.0268207788467,135.0,80.00001525878906,309438.1559846699,9762466.8440153,1204.5040323734283,135.0,79.99999237060547,309438.52434813976,9762466.47565183,1201.5496091842651,15
GL9DH3,69.0,72.0,3.0,90.56166666666667,271.685,135.0,79.99999237060547,309480.65654340386,9762446.343456596,1228.571051955223,135.0,79.99999237060547,309480.47236156464,9762446.527638435,1230.0482635498047,135.0,79.99999237060547,309480.8407252431,9762446.159274757,1227.0938403606415,16
GL9DH3,72.0,75.0,3.0,83.05336666666665,249.16009999999994,135.0,79.99999237060547,309481.0249070823,9762445.975092918,1225.6166287660599,135.0,79.99999237060547,309480.8407252431,9762446.159274757,1227.0938403606415,135.0,79.99999237060547,309481.20908892155,9762445.790911078,1224.1394171714783,16
GL9DH3,75.0,78.0,3.0,89.1572,267.4716,135.0,79.9999771118164,309481.3932708949,9762445.60672909,1222.6622055768967,135.0,79.99999237060547,309481.20908892155,9762445.790911078,1224.1394171714783,135.0,79.99999237060547,309481.5774528682,9762445.422547102,1221.184993982315,16
GL9DH3,78.0,81.0,3.0,90.88510000000001,272.6553,135.0,79.99999237060547,309481.76163470745,9762445.238365263,1219.7077823877335,135.0,79.99999237060547,309481.5774528682,9762445.422547102,1221.184993982315,135.0,80.00001525878906,309481.94581633806,9762445.054183632,1218.2305707931519,16
GL9DH3,81.0,84.0,3.0,92.22086666666667,276.6626,135.0,79.99999237060547,309482.1299979687,9762444.870002002,1216.7533591985703,135.0,80.00001525878906,309481.94581633806,9762445.054183632,1218.2305707931519,135.0,79.99999237060547,309482.3141798079,9762444.685820162,1215.2761476039886,16
GL9DH3,84.0,87.0,3.0,90.32083333333334,270.96250000000003,135.0,79.9999771118164,309482.49836178124,9762444.501638174,1213.798936009407,135.0,79.99999237060547,309482.3141798079,9762444.685820162,1215.2761476039886,135.0,79.99999237060547,309482.6825437546,9762444.317456186,1212.3217244148254,16
GL9DH3,87.0,90.0,3.0,87.28356666666666,261.85069999999996,135.0,79.99999237060547,309482.8667255938,9762444.133274347,1210.8445128202438,135.0,79.99999237060547,309482.6825437546,9762444.317456186,1212.3217244148254,135.0,80.00001525878906,309483.0509072244,9762443.949092716,1209.3673012256622,16
GL9DH3,90.0,93.0,3.0,88.01213333333334,264.0364,135.0,79.99999237060547,309483.235088855,9762443.764911085,1207.8900896310806,135.0,80.00001525878906,309483.0509072244,9762443.949092716,1209.3673012256622,135.0,79.99999237060547,309483.41927069426,9762443.580729246,1206.412878036499,16
GL9DH3,93.0,96.0,3.0,91.36,274.08,135.0,79.9999771118164,309483.6034526676,9762443.396547258,1204.9356664419174,135.0,79.99999237060547,309483.41927069426,9762443.580729246,1206.412878036499,135.0,79.99999237060547,309483.78763464093,9762443.21236527,1203.4584548473358,16
GL9DH3,96.0,99.0,3.0,90.52603333333333,271.5781,135.0,79.99999237060547,309483.97181648016,9762443.02818343,1201.9812432527542,135.0,79.99999237060547,309483.78763464093,9762443.21236527,1203.4584548473358,135.0,80.00001525878906,309484.1559981108,9762442.8440018,1200.5040316581726,16
GL9DH3,99.0,102.0,3.0,92.44343333333332,277.33029999999997,135.0,79.99999237060547,309484.3401797414,9762442.65982017,1199.026820063591,135.0,80.00001525878906,309484.1559981108,9762442.8440018,1200.5040316581726,135.0,79.99999237060547,309484.5243615806,9762442.47563833,1197.5496084690094,16
GL9DH3,102.0,105.0,3.0,92.6964,278.0892,135.0,79.9999771118164,309484.70854355395,9762442.291456342,1196.0723968744278,135.0,79.99999237060547,309484.5243615806,9762442.47563833,1197.5496084690094,135.0,79.99999237060547,309484.8927255273,9762442.107274354,1194.5951852798462,16
GL9DH3,105.0,108.0,3.0,92.01780000000001,276.0534,135.0,79.99999237060547,309485.0769073665,9762441.923092514,1193.1179736852646,135.0,79.99999237060547,309484.8927255273,9762442.107274354,1194.5951852798462,135.0,79.99999237060547,309485.26108920574,9762441.738910675,1191.640762090683,16
GL9DH3,108.0,111.0,3.0,93.7998,281.3994,135.0,79.99999237060547,309485.44527104497,9762441.554728836,1190.1635504961014,135.0,79.99999237060547,309485.26108920574,9762441.738910675,1191.640762090683,135.0,79.99999237060547,309485.6294528842,9762441.370546997,1188.6863389015198,16
GL9DH3,111.0,114.0,3.0,92.527,277.581,135.0,79.99999237060547,309485.8136347234,9762441.186365157,1187.2091273069382,135.0,79.99999237060547,309485.6294528842,9762441.370546997,1188.6863389015198,135.0,79.99999237060547,309485.99781656265,9762441.002183318,1185.7319157123566,16
GL9DH3,114.0,117.0,3.0,92.32666666666667,276.98,135.0,79.99999237060547,309486.1819984019,9762440.818001479,1184.254704117775,135.0,79.99999237060547,309485.99781656265,9762441.002183318,1185.7319157123566,135.0,79.99999237060547,309486.3661802411,9762440.63381964,1182.7774925231934,16
GL9DH3,117.0,120.0,3.0,64.92733333333359,194.78200000000078,135.0,79.99999237060547,309486.55036208034,9762440.4496378,1181.3002809286118,135.0,79.99999237060547,309486.3661802411,9762440.63381964,1182.7774925231934,135.0,79.9999771118164,309486.7345440537,9762440.265455812,1179.8230693340302,16
GL9DH3,120.0,123.0,3.0,92.348,277.044,135.0,79.99999237060547,309486.918726027,9762440.081273824,1178.3458577394485,135.0,79.9999771118164,309486.7345440537,9762440.265455812,1179.8230693340302,135.0,79.99999237060547,309487.10290786624,9762439.897091985,1176.868646144867,16
GL9DH3,123.0,126.0,3.0,91.82233333333333,275.467,135.0,79.99999237060547,309487.28708970547,9762439.712910146,1175.3914345502853,135.0,79.99999237060547,309487.10290786624,9762439.897091985,1176.868646144867,135.0,79.99999237060547,309487.4712715447,9762439.528728306,1173.9142229557037,16
GL9DH3,126.0,129.0,3.0,91.86033333333334,275.581,135.0,79.99999237060547,309487.6554533839,9762439.344546467,1172.4370113611221,135.0,79.99999237060547,309487.4712715447,9762439.528728306,1173.9142229557037,135.0,79.99999237060547,309487.83963522315,9762439.160364628,1170.9597997665405,16
GL9DH3,129.0,132.0,3.0,92.74040000000001,278.2212,135.0,79.99999237060547,309488.0238170624,9762438.976182789,1169.482588171959,135.0,79.99999237060547,309487.83963522315,9762439.160364628,1170.9597997665405,135.0,79.99999237060547,309488.2079989016,9762438.79200095,1168.0053765773773,16
GL9DH3,132.0,135.0,3.0,93.74,281.21999999999997,135.0,79.99999237060547,309488.39218074083,9762438.60781911,1166.5281649827957,135.0,79.99999237060547,309488.2079989016,9762438.79200095,1168.0053765773773,135.0,79.99999237060547,309488.57636258006,9762438.42363727,1165.050953388214,16
GL9DH3,135.0,138.0,3.0,89.21166666666663,267.6349999999999,135.0,79.99999237060547,309488.7605444193,9762438.239455432,1163.5737417936325,135.0,79.99999237060547,309488.57636258006,9762438.42363727,1165.050953388214,135.0,80.00001525878906,309488.9447260499,9762438.055273801,1162.096530199051,16
